[
    {
        "belfiore_code": "A024",
        "istat_code_municipality": "063001",
        "istat_code_province": "063",
        "municipality_code": "NA001",
        "municipality_description": "ACERRA",
        "province_code": "NA",
        "zip_code": "80011"
    },
    {
        "belfiore_code": "A064",
        "istat_code_municipality": "063002",
        "istat_code_province": "063",
        "municipality_code": "NA002",
        "municipality_description": "AFRAGOLA",
        "province_code": "NA",
        "zip_code": "80021"
    },
    {
        "belfiore_code": "A068",
        "istat_code_municipality": "063003",
        "istat_code_province": "063",
        "municipality_code": "NA003",
        "municipality_description": "AGEROLA",
        "province_code": "NA",
        "zip_code": "80051"
    },
    {
        "belfiore_code": "A268",
        "istat_code_municipality": "063004",
        "istat_code_province": "063",
        "municipality_code": "NA004",
        "municipality_description": "ANACAPRI",
        "province_code": "NA",
        "zip_code": "80071"
    },
    {
        "belfiore_code": "A455",
        "istat_code_municipality": "063005",
        "istat_code_province": "063",
        "municipality_code": "NA005",
        "municipality_description": "ARZANO",
        "province_code": "NA",
        "zip_code": "80022"
    },
    {
        "belfiore_code": "A535",
        "istat_code_municipality": "063006",
        "istat_code_province": "063",
        "municipality_code": "NA006",
        "municipality_description": "BACOLI",
        "province_code": "NA",
        "zip_code": "80070"
    },
    {
        "belfiore_code": "A617",
        "istat_code_municipality": "063007",
        "istat_code_province": "063",
        "municipality_code": "NA007",
        "municipality_description": "BARANO D'ISCHIA",
        "province_code": "NA",
        "zip_code": "80072"
    },
    {
        "belfiore_code": "B076",
        "istat_code_municipality": "063008",
        "istat_code_province": "063",
        "municipality_code": "NA008",
        "municipality_description": "BOSCOREALE",
        "province_code": "NA",
        "zip_code": "80041"
    },
    {
        "belfiore_code": "B077",
        "istat_code_municipality": "063009",
        "istat_code_province": "063",
        "municipality_code": "NA009",
        "municipality_description": "BOSCOTRECASE",
        "province_code": "NA",
        "zip_code": "80042"
    },
    {
        "belfiore_code": "B227",
        "istat_code_municipality": "063010",
        "istat_code_province": "063",
        "municipality_code": "NA010",
        "municipality_description": "BRUSCIANO",
        "province_code": "NA",
        "zip_code": "80031"
    },
    {
        "belfiore_code": "B371",
        "istat_code_municipality": "063011",
        "istat_code_province": "063",
        "municipality_code": "NA011",
        "municipality_description": "CAIVANO",
        "province_code": "NA",
        "zip_code": "80023"
    },
    {
        "belfiore_code": "B452",
        "istat_code_municipality": "063012",
        "istat_code_province": "063",
        "municipality_code": "NA012",
        "municipality_description": "CALVIZZANO",
        "province_code": "NA",
        "zip_code": "80012"
    },
    {
        "belfiore_code": "B565",
        "istat_code_municipality": "063013",
        "istat_code_province": "063",
        "municipality_code": "NA013",
        "municipality_description": "CAMPOSANO",
        "province_code": "NA",
        "zip_code": "80030"
    },
    {
        "belfiore_code": "B696",
        "istat_code_municipality": "063014",
        "istat_code_province": "063",
        "municipality_code": "NA014",
        "municipality_description": "CAPRI",
        "province_code": "NA",
        "zip_code": "80073"
    },
    {
        "belfiore_code": "B740",
        "istat_code_municipality": "063015",
        "istat_code_province": "063",
        "municipality_code": "NA015",
        "municipality_description": "CARBONARA DI NOLA",
        "province_code": "NA",
        "zip_code": "80030"
    },
    {
        "belfiore_code": "B759",
        "istat_code_municipality": "063016",
        "istat_code_province": "063",
        "municipality_code": "NA016",
        "municipality_description": "CARDITO",
        "province_code": "NA",
        "zip_code": "80024"
    },
    {
        "belfiore_code": "B905",
        "istat_code_municipality": "063017",
        "istat_code_province": "063",
        "municipality_code": "NA017",
        "municipality_description": "CASALNUOVO DI NAPOLI",
        "province_code": "NA",
        "zip_code": "80013"
    },
    {
        "belfiore_code": "B922",
        "istat_code_municipality": "063018",
        "istat_code_province": "063",
        "municipality_code": "NA018",
        "municipality_description": "CASAMARCIANO",
        "province_code": "NA",
        "zip_code": "80032"
    },
    {
        "belfiore_code": "B924",
        "istat_code_municipality": "063019",
        "istat_code_province": "063",
        "municipality_code": "NA019",
        "municipality_description": "CASAMICCIOLA TERME",
        "province_code": "NA",
        "zip_code": "80074"
    },
    {
        "belfiore_code": "B925",
        "istat_code_municipality": "063020",
        "istat_code_province": "063",
        "municipality_code": "NA020",
        "municipality_description": "CASANDRINO",
        "province_code": "NA",
        "zip_code": "80025"
    },
    {
        "belfiore_code": "B946",
        "istat_code_municipality": "063021",
        "istat_code_province": "063",
        "municipality_code": "NA021",
        "municipality_description": "CASAVATORE",
        "province_code": "NA",
        "zip_code": "80020"
    },
    {
        "belfiore_code": "B980",
        "istat_code_municipality": "063022",
        "istat_code_province": "063",
        "municipality_code": "NA022",
        "municipality_description": "CASOLA DI NAPOLI",
        "province_code": "NA",
        "zip_code": "80050"
    },
    {
        "belfiore_code": "B990",
        "istat_code_municipality": "063023",
        "istat_code_province": "063",
        "municipality_code": "NA023",
        "municipality_description": "CASORIA",
        "province_code": "NA",
        "zip_code": "80026"
    },
    {
        "belfiore_code": "C129",
        "istat_code_municipality": "063024",
        "istat_code_province": "063",
        "municipality_code": "NA024",
        "municipality_description": "CASTELLAMMARE DI STABIA",
        "province_code": "NA",
        "zip_code": "80053"
    },
    {
        "belfiore_code": "C188",
        "istat_code_municipality": "063025",
        "istat_code_province": "063",
        "municipality_code": "NA025",
        "municipality_description": "CASTELLO DI CISTERNA",
        "province_code": "NA",
        "zip_code": "80030"
    },
    {
        "belfiore_code": "C495",
        "istat_code_municipality": "063026",
        "istat_code_province": "063",
        "municipality_code": "NA026",
        "municipality_description": "CERCOLA",
        "province_code": "NA",
        "zip_code": "80040"
    },
    {
        "belfiore_code": "C675",
        "istat_code_municipality": "063027",
        "istat_code_province": "063",
        "municipality_code": "NA027",
        "municipality_description": "CICCIANO",
        "province_code": "NA",
        "zip_code": "80033"
    },
    {
        "belfiore_code": "C697",
        "istat_code_municipality": "063028",
        "istat_code_province": "063",
        "municipality_code": "NA028",
        "municipality_description": "CIMITILE",
        "province_code": "NA",
        "zip_code": "80030"
    },
    {
        "belfiore_code": "C929",
        "istat_code_municipality": "063029",
        "istat_code_province": "063",
        "municipality_code": "NA029",
        "municipality_description": "COMIZIANO",
        "province_code": "NA",
        "zip_code": "80030"
    },
    {
        "belfiore_code": "D170",
        "istat_code_municipality": "063030",
        "istat_code_province": "063",
        "municipality_code": "NA030",
        "municipality_description": "CRISPANO",
        "province_code": "NA",
        "zip_code": "80020"
    },
    {
        "belfiore_code": "H243",
        "istat_code_municipality": "063064",
        "istat_code_province": "063",
        "municipality_code": "NA064",
        "municipality_description": "ERCOLANO",
        "province_code": "NA",
        "zip_code": "80056"
    },
    {
        "belfiore_code": "D702",
        "istat_code_municipality": "063031",
        "istat_code_province": "063",
        "municipality_code": "NA031",
        "municipality_description": "FORIO",
        "province_code": "NA",
        "zip_code": "80075"
    },
    {
        "belfiore_code": "D789",
        "istat_code_municipality": "063032",
        "istat_code_province": "063",
        "municipality_code": "NA032",
        "municipality_description": "FRATTAMAGGIORE",
        "province_code": "NA",
        "zip_code": "80027"
    },
    {
        "belfiore_code": "D790",
        "istat_code_municipality": "063033",
        "istat_code_province": "063",
        "municipality_code": "NA033",
        "municipality_description": "FRATTAMINORE",
        "province_code": "NA",
        "zip_code": "80020"
    },
    {
        "belfiore_code": "E054",
        "istat_code_municipality": "063034",
        "istat_code_province": "063",
        "municipality_code": "NA034",
        "municipality_description": "GIUGLIANO IN CAMPANIA",
        "province_code": "NA",
        "zip_code": "80014"
    },
    {
        "belfiore_code": "E131",
        "istat_code_municipality": "063035",
        "istat_code_province": "063",
        "municipality_code": "NA035",
        "municipality_description": "GRAGNANO",
        "province_code": "NA",
        "zip_code": "80054"
    },
    {
        "belfiore_code": "E224",
        "istat_code_municipality": "063036",
        "istat_code_province": "063",
        "municipality_code": "NA036",
        "municipality_description": "GRUMO NEVANO",
        "province_code": "NA",
        "zip_code": "80028"
    },
    {
        "belfiore_code": "E329",
        "istat_code_municipality": "063037",
        "istat_code_province": "063",
        "municipality_code": "NA037",
        "municipality_description": "ISCHIA",
        "province_code": "NA",
        "zip_code": "80077"
    },
    {
        "belfiore_code": "E396",
        "istat_code_municipality": "063038",
        "istat_code_province": "063",
        "municipality_code": "NA038",
        "municipality_description": "LACCO AMENO",
        "province_code": "NA",
        "zip_code": "80076"
    },
    {
        "belfiore_code": "E557",
        "istat_code_municipality": "063039",
        "istat_code_province": "063",
        "municipality_code": "NA039",
        "municipality_description": "LETTERE",
        "province_code": "NA",
        "zip_code": "80050"
    },
    {
        "belfiore_code": "E620",
        "istat_code_municipality": "063040",
        "istat_code_province": "063",
        "municipality_code": "NA040",
        "municipality_description": "LIVERI",
        "province_code": "NA",
        "zip_code": "80030"
    },
    {
        "belfiore_code": "E906",
        "istat_code_municipality": "063041",
        "istat_code_province": "063",
        "municipality_code": "NA041",
        "municipality_description": "MARANO DI NAPOLI",
        "province_code": "NA",
        "zip_code": "80016"
    },
    {
        "belfiore_code": "E954",
        "istat_code_municipality": "063042",
        "istat_code_province": "063",
        "municipality_code": "NA042",
        "municipality_description": "MARIGLIANELLA",
        "province_code": "NA",
        "zip_code": "80030"
    },
    {
        "belfiore_code": "E955",
        "istat_code_municipality": "063043",
        "istat_code_province": "063",
        "municipality_code": "NA043",
        "municipality_description": "MARIGLIANO",
        "province_code": "NA",
        "zip_code": "80034"
    },
    {
        "belfiore_code": "F030",
        "istat_code_municipality": "063044",
        "istat_code_province": "063",
        "municipality_code": "NA044",
        "municipality_description": "MASSA LUBRENSE",
        "province_code": "NA",
        "zip_code": "80061"
    },
    {
        "belfiore_code": "M289",
        "istat_code_municipality": "063092",
        "istat_code_province": "063",
        "municipality_code": "NA092",
        "municipality_description": "MASSA DI SOMMA",
        "province_code": "NA",
        "zip_code": "80040"
    },
    {
        "belfiore_code": "F111",
        "istat_code_municipality": "063045",
        "istat_code_province": "063",
        "municipality_code": "NA045",
        "municipality_description": "MELITO DI NAPOLI",
        "province_code": "NA",
        "zip_code": "80017"
    },
    {
        "belfiore_code": "F162",
        "istat_code_municipality": "063046",
        "istat_code_province": "063",
        "municipality_code": "NA046",
        "municipality_description": "META",
        "province_code": "NA",
        "zip_code": "80062"
    },
    {
        "belfiore_code": "F488",
        "istat_code_municipality": "063047",
        "istat_code_province": "063",
        "municipality_code": "NA047",
        "municipality_description": "MONTE DI PROCIDA",
        "province_code": "NA",
        "zip_code": "80070"
    },
    {
        "belfiore_code": "F799",
        "istat_code_municipality": "063048",
        "istat_code_province": "063",
        "municipality_code": "NA048",
        "municipality_description": "MUGNANO DI NAPOLI",
        "province_code": "NA",
        "zip_code": "80018"
    },
    {
        "belfiore_code": "F839",
        "istat_code_municipality": "063049",
        "istat_code_province": "063",
        "municipality_code": "NA049",
        "municipality_description": "NAPOLI",
        "province_code": "NA",
        "zip_code": "80146"
    },
    {
        "belfiore_code": "F839",
        "istat_code_municipality": "063049",
        "istat_code_province": "063",
        "municipality_code": "NA049",
        "municipality_description": "NAPOLI",
        "province_code": "NA",
        "zip_code": "80141"
    },
    {
        "belfiore_code": "F839",
        "istat_code_municipality": "063049",
        "istat_code_province": "063",
        "municipality_code": "NA049",
        "municipality_description": "NAPOLI",
        "province_code": "NA",
        "zip_code": "80145"
    },
    {
        "belfiore_code": "F839",
        "istat_code_municipality": "063049",
        "istat_code_province": "063",
        "municipality_code": "NA049",
        "municipality_description": "NAPOLI",
        "province_code": "NA",
        "zip_code": "80142"
    },
    {
        "belfiore_code": "F839",
        "istat_code_municipality": "063049",
        "istat_code_province": "063",
        "municipality_code": "NA049",
        "municipality_description": "NAPOLI",
        "province_code": "NA",
        "zip_code": "80139"
    },
    {
        "belfiore_code": "F839",
        "istat_code_municipality": "063049",
        "istat_code_province": "063",
        "municipality_code": "NA049",
        "municipality_description": "NAPOLI",
        "province_code": "NA",
        "zip_code": "80138"
    },
    {
        "belfiore_code": "F839",
        "istat_code_municipality": "063049",
        "istat_code_province": "063",
        "municipality_code": "NA049",
        "municipality_description": "NAPOLI",
        "province_code": "NA",
        "zip_code": "80136"
    },
    {
        "belfiore_code": "F839",
        "istat_code_municipality": "063049",
        "istat_code_province": "063",
        "municipality_code": "NA049",
        "municipality_description": "NAPOLI",
        "province_code": "NA",
        "zip_code": "80135"
    },
    {
        "belfiore_code": "F839",
        "istat_code_municipality": "063049",
        "istat_code_province": "063",
        "municipality_code": "NA049",
        "municipality_description": "NAPOLI",
        "province_code": "NA",
        "zip_code": "80134"
    },
    {
        "belfiore_code": "F839",
        "istat_code_municipality": "063049",
        "istat_code_province": "063",
        "municipality_code": "NA049",
        "municipality_description": "NAPOLI",
        "province_code": "NA",
        "zip_code": "80129"
    },
    {
        "belfiore_code": "F839",
        "istat_code_municipality": "063049",
        "istat_code_province": "063",
        "municipality_code": "NA049",
        "municipality_description": "NAPOLI",
        "province_code": "NA",
        "zip_code": "80128"
    },
    {
        "belfiore_code": "F839",
        "istat_code_municipality": "063049",
        "istat_code_province": "063",
        "municipality_code": "NA049",
        "municipality_description": "NAPOLI",
        "province_code": "NA",
        "zip_code": "80124"
    },
    {
        "belfiore_code": "F839",
        "istat_code_municipality": "063049",
        "istat_code_province": "063",
        "municipality_code": "NA049",
        "municipality_description": "NAPOLI",
        "province_code": "NA",
        "zip_code": "80123"
    },
    {
        "belfiore_code": "F839",
        "istat_code_municipality": "063049",
        "istat_code_province": "063",
        "municipality_code": "NA049",
        "municipality_description": "NAPOLI",
        "province_code": "NA",
        "zip_code": "80126"
    },
    {
        "belfiore_code": "F839",
        "istat_code_municipality": "063049",
        "istat_code_province": "063",
        "municipality_code": "NA049",
        "municipality_description": "NAPOLI",
        "province_code": "NA",
        "zip_code": "80125"
    },
    {
        "belfiore_code": "F839",
        "istat_code_municipality": "063049",
        "istat_code_province": "063",
        "municipality_code": "NA049",
        "municipality_description": "NAPOLI",
        "province_code": "NA",
        "zip_code": "80132"
    },
    {
        "belfiore_code": "F839",
        "istat_code_municipality": "063049",
        "istat_code_province": "063",
        "municipality_code": "NA049",
        "municipality_description": "NAPOLI",
        "province_code": "NA",
        "zip_code": "80127"
    },
    {
        "belfiore_code": "F839",
        "istat_code_municipality": "063049",
        "istat_code_province": "063",
        "municipality_code": "NA049",
        "municipality_description": "NAPOLI",
        "province_code": "NA",
        "zip_code": "80121"
    },
    {
        "belfiore_code": "F839",
        "istat_code_municipality": "063049",
        "istat_code_province": "063",
        "municipality_code": "NA049",
        "municipality_description": "NAPOLI",
        "province_code": "NA",
        "zip_code": "80122"
    },
    {
        "belfiore_code": "F839",
        "istat_code_municipality": "063049",
        "istat_code_province": "063",
        "municipality_code": "NA049",
        "municipality_description": "NAPOLI",
        "province_code": "NA",
        "zip_code": "80144"
    },
    {
        "belfiore_code": "F839",
        "istat_code_municipality": "063049",
        "istat_code_province": "063",
        "municipality_code": "NA049",
        "municipality_description": "NAPOLI",
        "province_code": "NA",
        "zip_code": "80137"
    },
    {
        "belfiore_code": "F839",
        "istat_code_municipality": "063049",
        "istat_code_province": "063",
        "municipality_code": "NA049",
        "municipality_description": "NAPOLI",
        "province_code": "NA",
        "zip_code": "80133"
    },
    {
        "belfiore_code": "F839",
        "istat_code_municipality": "063049",
        "istat_code_province": "063",
        "municipality_code": "NA049",
        "municipality_description": "NAPOLI",
        "province_code": "NA",
        "zip_code": "80147"
    },
    {
        "belfiore_code": "F839",
        "istat_code_municipality": "063049",
        "istat_code_province": "063",
        "municipality_code": "NA049",
        "municipality_description": "NAPOLI",
        "province_code": "NA",
        "zip_code": "80143"
    },
    {
        "belfiore_code": "F839",
        "istat_code_municipality": "063049",
        "istat_code_province": "063",
        "municipality_code": "NA049",
        "municipality_description": "NAPOLI",
        "province_code": "NA",
        "zip_code": "80131"
    },
    {
        "belfiore_code": "F924",
        "istat_code_municipality": "063050",
        "istat_code_province": "063",
        "municipality_code": "NA050",
        "municipality_description": "NOLA",
        "province_code": "NA",
        "zip_code": "80035"
    },
    {
        "belfiore_code": "G190",
        "istat_code_municipality": "063051",
        "istat_code_province": "063",
        "municipality_code": "NA051",
        "municipality_description": "OTTAVIANO",
        "province_code": "NA",
        "zip_code": "80044"
    },
    {
        "belfiore_code": "G283",
        "istat_code_municipality": "063052",
        "istat_code_province": "063",
        "municipality_code": "NA052",
        "municipality_description": "PALMA CAMPANIA",
        "province_code": "NA",
        "zip_code": "80036"
    },
    {
        "belfiore_code": "G568",
        "istat_code_municipality": "063053",
        "istat_code_province": "063",
        "municipality_code": "NA053",
        "municipality_description": "PIANO DI SORRENTO",
        "province_code": "NA",
        "zip_code": "80063"
    },
    {
        "belfiore_code": "G670",
        "istat_code_municipality": "063054",
        "istat_code_province": "063",
        "municipality_code": "NA054",
        "municipality_description": "PIMONTE",
        "province_code": "NA",
        "zip_code": "80050"
    },
    {
        "belfiore_code": "G762",
        "istat_code_municipality": "063055",
        "istat_code_province": "063",
        "municipality_code": "NA055",
        "municipality_description": "POGGIOMARINO",
        "province_code": "NA",
        "zip_code": "80040"
    },
    {
        "belfiore_code": "G795",
        "istat_code_municipality": "063056",
        "istat_code_province": "063",
        "municipality_code": "NA056",
        "municipality_description": "POLLENA TROCCHIA",
        "province_code": "NA",
        "zip_code": "80040"
    },
    {
        "belfiore_code": "G812",
        "istat_code_municipality": "063057",
        "istat_code_province": "063",
        "municipality_code": "NA057",
        "municipality_description": "POMIGLIANO D'ARCO",
        "province_code": "NA",
        "zip_code": "80038"
    },
    {
        "belfiore_code": "G813",
        "istat_code_municipality": "063058",
        "istat_code_province": "063",
        "municipality_code": "NA058",
        "municipality_description": "POMPEI",
        "province_code": "NA",
        "zip_code": "80045"
    },
    {
        "belfiore_code": "G902",
        "istat_code_municipality": "063059",
        "istat_code_province": "063",
        "municipality_code": "NA059",
        "municipality_description": "PORTICI",
        "province_code": "NA",
        "zip_code": "80055"
    },
    {
        "belfiore_code": "G964",
        "istat_code_municipality": "063060",
        "istat_code_province": "063",
        "municipality_code": "NA060",
        "municipality_description": "POZZUOLI",
        "province_code": "NA",
        "zip_code": "80078"
    },
    {
        "belfiore_code": "H072",
        "istat_code_municipality": "063061",
        "istat_code_province": "063",
        "municipality_code": "NA061",
        "municipality_description": "PROCIDA",
        "province_code": "NA",
        "zip_code": "80079"
    },
    {
        "belfiore_code": "H101",
        "istat_code_municipality": "063062",
        "istat_code_province": "063",
        "municipality_code": "NA062",
        "municipality_description": "QUALIANO",
        "province_code": "NA",
        "zip_code": "80019"
    },
    {
        "belfiore_code": "H114",
        "istat_code_municipality": "063063",
        "istat_code_province": "063",
        "municipality_code": "NA063",
        "municipality_description": "QUARTO",
        "province_code": "NA",
        "zip_code": "80010"
    },
    {
        "belfiore_code": "H433",
        "istat_code_municipality": "063065",
        "istat_code_province": "063",
        "municipality_code": "NA065",
        "municipality_description": "ROCCARAINOLA",
        "province_code": "NA",
        "zip_code": "80030"
    },
    {
        "belfiore_code": "H860",
        "istat_code_municipality": "063066",
        "istat_code_province": "063",
        "municipality_code": "NA066",
        "municipality_description": "SAN GENNARO VESUVIANO",
        "province_code": "NA",
        "zip_code": "80040"
    },
    {
        "belfiore_code": "H892",
        "istat_code_municipality": "063067",
        "istat_code_province": "063",
        "municipality_code": "NA067",
        "municipality_description": "SAN GIORGIO A CREMANO",
        "province_code": "NA",
        "zip_code": "80046"
    },
    {
        "belfiore_code": "H931",
        "istat_code_municipality": "063068",
        "istat_code_province": "063",
        "municipality_code": "NA068",
        "municipality_description": "SAN GIUSEPPE VESUVIANO",
        "province_code": "NA",
        "zip_code": "80047"
    },
    {
        "belfiore_code": "I073",
        "istat_code_municipality": "063069",
        "istat_code_province": "063",
        "municipality_code": "NA069",
        "municipality_description": "SAN PAOLO BEL SITO",
        "province_code": "NA",
        "zip_code": "80030"
    },
    {
        "belfiore_code": "I151",
        "istat_code_municipality": "063070",
        "istat_code_province": "063",
        "municipality_code": "NA070",
        "municipality_description": "SAN SEBASTIANO AL VESUVIO",
        "province_code": "NA",
        "zip_code": "80040"
    },
    {
        "belfiore_code": "I391",
        "istat_code_municipality": "063075",
        "istat_code_province": "063",
        "municipality_code": "NA075",
        "municipality_description": "SAN VITALIANO",
        "province_code": "NA",
        "zip_code": "80030"
    },
    {
        "belfiore_code": "I208",
        "istat_code_municipality": "063071",
        "istat_code_province": "063",
        "municipality_code": "NA071",
        "municipality_description": "SANT'AGNELLO",
        "province_code": "NA",
        "zip_code": "80065"
    },
    {
        "belfiore_code": "I262",
        "istat_code_municipality": "063072",
        "istat_code_province": "063",
        "municipality_code": "NA072",
        "municipality_description": "SANT'ANASTASIA",
        "province_code": "NA",
        "zip_code": "80048"
    },
    {
        "belfiore_code": "I293",
        "istat_code_municipality": "063073",
        "istat_code_province": "063",
        "municipality_code": "NA073",
        "municipality_description": "SANT'ANTIMO",
        "province_code": "NA",
        "zip_code": "80029"
    },
    {
        "belfiore_code": "I300",
        "istat_code_municipality": "063074",
        "istat_code_province": "063",
        "municipality_code": "NA074",
        "municipality_description": "SANT'ANTONIO ABATE",
        "province_code": "NA",
        "zip_code": "80057"
    },
    {
        "belfiore_code": "M273",
        "istat_code_municipality": "063090",
        "istat_code_province": "063",
        "municipality_code": "NA090",
        "municipality_description": "SANTA MARIA LA CARITÀ",
        "province_code": "NA",
        "zip_code": "80050"
    },
    {
        "belfiore_code": "I469",
        "istat_code_municipality": "063076",
        "istat_code_province": "063",
        "municipality_code": "NA076",
        "municipality_description": "SAVIANO",
        "province_code": "NA",
        "zip_code": "80039"
    },
    {
        "belfiore_code": "I540",
        "istat_code_municipality": "063077",
        "istat_code_province": "063",
        "municipality_code": "NA077",
        "municipality_description": "SCISCIANO",
        "province_code": "NA",
        "zip_code": "80030"
    },
    {
        "belfiore_code": "I652",
        "istat_code_municipality": "063078",
        "istat_code_province": "063",
        "municipality_code": "NA078",
        "municipality_description": "SERRARA FONTANA",
        "province_code": "NA",
        "zip_code": "80081"
    },
    {
        "belfiore_code": "I820",
        "istat_code_municipality": "063079",
        "istat_code_province": "063",
        "municipality_code": "NA079",
        "municipality_description": "SOMMA VESUVIANA",
        "province_code": "NA",
        "zip_code": "80049"
    },
    {
        "belfiore_code": "I862",
        "istat_code_municipality": "063080",
        "istat_code_province": "063",
        "municipality_code": "NA080",
        "municipality_description": "SORRENTO",
        "province_code": "NA",
        "zip_code": "80067"
    },
    {
        "belfiore_code": "I978",
        "istat_code_municipality": "063081",
        "istat_code_province": "063",
        "municipality_code": "NA081",
        "municipality_description": "STRIANO",
        "province_code": "NA",
        "zip_code": "80040"
    },
    {
        "belfiore_code": "L142",
        "istat_code_municipality": "063082",
        "istat_code_province": "063",
        "municipality_code": "NA082",
        "municipality_description": "TERZIGNO",
        "province_code": "NA",
        "zip_code": "80040"
    },
    {
        "belfiore_code": "L245",
        "istat_code_municipality": "063083",
        "istat_code_province": "063",
        "municipality_code": "NA083",
        "municipality_description": "TORRE ANNUNZIATA",
        "province_code": "NA",
        "zip_code": "80058"
    },
    {
        "belfiore_code": "L259",
        "istat_code_municipality": "063084",
        "istat_code_province": "063",
        "municipality_code": "NA084",
        "municipality_description": "TORRE DEL GRECO",
        "province_code": "NA",
        "zip_code": "80059"
    },
    {
        "belfiore_code": "M280",
        "istat_code_municipality": "063091",
        "istat_code_province": "063",
        "municipality_code": "NA091",
        "municipality_description": "TRECASE",
        "province_code": "NA",
        "zip_code": "80040"
    },
    {
        "belfiore_code": "L460",
        "istat_code_municipality": "063085",
        "istat_code_province": "063",
        "municipality_code": "NA085",
        "municipality_description": "TUFINO",
        "province_code": "NA",
        "zip_code": "80030"
    },
    {
        "belfiore_code": "L845",
        "istat_code_municipality": "063086",
        "istat_code_province": "063",
        "municipality_code": "NA086",
        "municipality_description": "VICO EQUENSE",
        "province_code": "NA",
        "zip_code": "80066"
    },
    {
        "belfiore_code": "L845",
        "istat_code_municipality": "063086",
        "istat_code_province": "063",
        "municipality_code": "NA086",
        "municipality_description": "VICO EQUENSE",
        "province_code": "NA",
        "zip_code": "80069"
    },
    {
        "belfiore_code": "L845",
        "istat_code_municipality": "063086",
        "istat_code_province": "063",
        "municipality_code": "NA086",
        "municipality_description": "VICO EQUENSE",
        "province_code": "NA",
        "zip_code": "80060"
    },
    {
        "belfiore_code": "L845",
        "istat_code_municipality": "063086",
        "istat_code_province": "063",
        "municipality_code": "NA086",
        "municipality_description": "VICO EQUENSE",
        "province_code": "NA",
        "zip_code": "80066"
    },
    {
        "belfiore_code": "L845",
        "istat_code_municipality": "063086",
        "istat_code_province": "063",
        "municipality_code": "NA086",
        "municipality_description": "VICO EQUENSE",
        "province_code": "NA",
        "zip_code": "80066"
    },
    {
        "belfiore_code": "G309",
        "istat_code_municipality": "063087",
        "istat_code_province": "063",
        "municipality_code": "NA087",
        "municipality_description": "VILLARICCA",
        "province_code": "NA",
        "zip_code": "80010"
    },
    {
        "belfiore_code": "M072",
        "istat_code_municipality": "063088",
        "istat_code_province": "063",
        "municipality_code": "NA088",
        "municipality_description": "VISCIANO",
        "province_code": "NA",
        "zip_code": "80030"
    },
    {
        "belfiore_code": "M115",
        "istat_code_municipality": "063089",
        "istat_code_province": "063",
        "municipality_code": "NA089",
        "municipality_description": "VOLLA",
        "province_code": "NA",
        "zip_code": "80040"
    }
]